Workbook

Sheet Instructions

Sheet Capstone Budget Tracking
A1: Project:
A2: Team #:
A4: CAPSTONE BUDGET TRACKING
A6: PO# | B6: DATE | C6: ORDER TOTAL | D6: NOTES
A8: ='PO1'!B3 -> 1 | B8: ='PO1'!B4 -> 45972 | C8: ='PO1'!J28 -> 69.45
A9: ='PO2'!B3 -> 2 | B9: ='PO2'!B4 -> MM/DD/YYYY | C9: ='PO2'!J28 -> 0
A10: ='PO3'!B3 -> 3 | B10: ='PO3'!B4 -> MM/DD/YYYY | C10: ='PO3'!J28 -> 0
A11: ='PO4'!B3 -> 4 | B11: ='PO4'!B4 -> MM/DD/YYYY | C11: ='PO4'!J28 -> 0
A12: ='PO5'!B3 -> 5 | B12: ='PO5'!B4 -> MM/DD/YYYY | C12: ='PO5'!J28 -> 0
A13: ='PO6'!B3 -> 6 | B13: ='PO6'!B4 -> MM/DD/YYYY | C13: ='PO6'!J28 -> 0
A14: ='PO7'!B3 -> 7 | B14: ='PO7'!B4 -> MM/DD/YYYY | C14: ='PO7'!J28 -> 0
A16: Total: | C16: =SUM(C8:C14) -> 69.45

Sheet PO1
A1: Project: | B1: FTS Railroad Battery-Powered Gauge Spreader
A2: Team #: | B2: M9
A3: PO #: | B3: 1
A4: Date: | B4: 45972
A6: CAPSTONE PURCHASE REQUEST DETAILS
A8: No. | B8: Part Name | C8: Part Description | D8: Vendor | E8: Vendor Part Number | F8: Vendor Part URL | G8: Quantity | H8: Unit Price | I8: Shipping | J8: Total
A9: 1 | B9: 28370 | C9: Teensy 4.1 MCU | D9: DIGIKEY | E9: 1568-20359-ND | F9: https://www.digikey.com/en/products/detail/sparkfun-electronics/20359/16688101 | G9: 1 | H9: 29.6 | J9: =G9*H9 + I9 -> 29.6
A10: 2 | B10: NHD-0216K1Z-NSW-BBW-L | C10: LCD Display | D10: DIGIKEY | E10: 1548-NHD-0216K1Z-NSW-BBW-L-ND | F10: https://www.digikey.com/en/products/detail/newhaven-display-intl/NHD-0216K1Z-NSW-BBW-L/1701179 | G10: 1 | H10: 7.45 | J10: =G10*H10 + I10 -> 7.45
A11: 3 | B11: DFR0571 | C11: Buck converter | D11: DIGIKEY | E11: 1738-1442-ND | F11: https://www.digikey.com/en/products/detail/dfrobot/DFR0571/9559261 | G11: 1 | H11: 3 | J11: =G11*H11 + I11 -> 3
A12: 4 | B12: PCF8575DBR | C12: SCL Breakout Module | D12: DIGIKEY | E12: 296-17856-1-ND | F12: https://www.digikey.com/en/products/detail/texas-instruments/PCF8575DBR/754551?s=N4IgTCBcDaIAoGEBiAOArAdjQEQEICUQBdAXyA | G12: 1 | H12: 3.16 | J12: =G12*H12 + I12 -> 3.16
A13: 5 | B13: Si2319CDS | C13: N-channel MOSFET | D13: DIGIKEY | E13: SI2319CDS-T1-GE3CT-ND | F13: https://www.digikey.com/en/products/detail/vishay-siliconix/SI2319CDS-T1-GE3/2441585 | G13: 3 | H13: 0.76 | J13: =G13*H13 + I13 -> 2.28
A14: 6 | B14: STEMMAQT VL53L4CD | C14: Laser Measurement System | D14: DIGIKEY | E14: 1528-5396-ND | F14: https://www.digikey.com/en/products/detail/adafruit-industries-llc/5396/16129669?gad_source=1&gad_campaignid=20243136172&gbraid=0AAAAADrbLliYomKhH2MAZtF1d7mkzJeC-&gclid=CjwKCAiA2svIBhB-EiwARWDPjpoteOdCtYNSVeh3CPaCDWcyfS1sxL7Xs-_vgdgkHXA3fmvWy2yoZhoCHvsQAvD_BwE&gclsrc=aw.ds | G14: 1 | H14: 14.95 | I14: 9.01 | J14: =G14*H14 + I14 -> 23.96
A15: 7 | J15: =G15*H15 + I15 -> 0
A16: 8 | J16: =G16*H16 + I16 -> 0
A17: 9 | J17: =G17*H17 + I17 -> 0
A18: 10 | J18: =G18*H18 + I18 -> 0
A19: 11 | J19: =G19*H19 + I19 -> 0
A20: 12 | J20: =G20*H20 + I20 -> 0
A21: 13 | J21: =G21*H21 + I21 -> 0
A22: 14 | J22: =G22*H22 + I22 -> 0
A23: 15 | J23: =G23*H23 + I23 -> 0
A24: 16 | J24: =G24*H24 + I24 -> 0
A25: 17 | J25: =G25*H25 + I25 -> 0
A26: 18 | J26: =G26*H26 + I26 -> 0
A28: Order Total: | J28: =SUM(J9:J26) -> 69.45

Sheet PO2
A1: Project:
A2: Team #:
A3: PO #: | B3: 2
A4: Date: | B4: MM/DD/YYYY
A6: CAPSTONE PURCHASE REQUEST DETAILS
A8: No. | B8: Part Name | C8: Part Description | D8: Vendor | E8: Vendor Part Number | F8: Vendor Part URL | G8: Quantity | H8: Unit Price | I8: Shipping | J8: Total
A9: 1 | J9: =G9*H9 + I9 -> 0
A10: 2 | J10: =G10*H10 + I10 -> 0
A11: 3 | J11: =G11*H11 + I11 -> 0
A12: 4 | J12: =G12*H12 + I12 -> 0
A13: 5 | J13: =G13*H13 + I13 -> 0
A14: 6 | J14: =G14*H14 + I14 -> 0
A15: 7 | J15: =G15*H15 + I15 -> 0
A16: 8 | J16: =G16*H16 + I16 -> 0
A17: 9 | J17: =G17*H17 + I17 -> 0
A18: 10 | J18: =G18*H18 + I18 -> 0
A19: 11 | J19: =G19*H19 + I19 -> 0
A20: 12 | J20: =G20*H20 + I20 -> 0
... A26: 18 | J26: =G26*H26 + I26 -> 0
A28: Order Total: | J28: =SUM(J9:J26) -> 0

Sheet PO3
A1: Project:
A2: Team #:
A3: PO #: | B3: 3
A4: Date: | B4: MM/DD/YYYY
A6: CAPSTONE PURCHASE REQUEST DETAILS
A8: No. | B8: Part Name | C8: Part Description | D8: Vendor | E8: Vendor Part Number | F8: Vendor Part URL | G8: Quantity | H8: Unit Price | I8: Shipping | J8: Total
A9: 1 | J9: =G9*H9 + I9 -> 0
A10: 2 | J10: =G10*H10 + I10 -> 0
A11: 3 | J11: =G11*H11 + I11 -> 0
A12: 4 | J12: =G12*H12 + I12 -> 0
A13: 5 | J13: =G13*H13 + I13 -> 0
A14: 6 | J14: =G14*H14 + I14 -> 0
A15: 7 | J15: =G15*H15 + I15 -> 0
A16: 8 | J16: =G16*H16 + I16 -> 0
A17: 9 | J17: =G17*H17 + I17 -> 0
A18: 10 | J18: =G18*H18 + I18 -> 0
A19: 11 | J19: =G19*H19 + I19 -> 0
A20: 12 | J20: =G20*H20 + I20 -> 0
... A26: 18 | J26: =G26*H26 + I26 -> 0
A28: Order Total: | J28: =SUM(J9:J26) -> 0

Sheet PO4
A1: Project:
A2: Team #:
A3: PO #: | B3: 4
A4: Date: | B4: MM/DD/YYYY
A6: CAPSTONE PURCHASE REQUEST DETAILS
A8: No. | B8: Part Name | C8: Part Description | D8: Vendor | E8: Vendor Part Number | F8: Vendor Part URL | G8: Quantity | H8: Unit Price | I8: Shipping | J8: Total
A9: 1 | J9: =G9*H9 + I9 -> 0
A10: 2 | J10: =G10*H10 + I10 -> 0
A11: 3 | J11: =G11*H11 + I11 -> 0
A12: 4 | J12: =G12*H12 + I12 -> 0
A13: 5 | J13: =G13*H13 + I13 -> 0
A14: 6 | J14: =G14*H14 + I14 -> 0
A15: 7 | J15: =G15*H15 + I15 -> 0
A16: 8 | J16: =G16*H16 + I16 -> 0
A17: 9 | J17: =G17*H17 + I17 -> 0
A18: 10 | J18: =G18*H18 + I18 -> 0
A19: 11 | J19: =G19*H19 + I19 -> 0
A20: 12 | J20: =G20*H20 + I20 -> 0
... A26: 18 | J26: =G26*H26 + I26 -> 0
A28: Order Total: | J28: =SUM(J9:J26) -> 0

Sheet PO5
A1: Project:
A2: Team #:
A3: PO #: | B3: 5
A4: Date: | B4: MM/DD/YYYY
A6: CAPSTONE PURCHASE REQUEST DETAILS
A8: No. | B8: Part Name | C8: Part Description | D8: Vendor | E8: Vendor Part Number | F8: Vendor Part URL | G8: Quantity | H8: Unit Price | I8: Shipping | J8: Total
A9: 1 | J9: =G9*H9 + I9 -> 0
A10: 2 | J10: =G10*H10 + I10 -> 0
A11: 3 | J11: =G11*H11 + I11 -> 0
A12: 4 | J12: =G12*H12 + I12 -> 0
A13: 5 | J13: =G13*H13 + I13 -> 0
A14: 6 | J14: =G14*H14 + I14 -> 0
A15: 7 | J15: =G15*H15 + I15 -> 0
A16: 8 | J16: =G16*H16 + I16 -> 0
A17: 9 | J17: =G17*H17 + I17 -> 0
A18: 10 | J18: =G18*H18 + I18 -> 0
A19: 11 | J19: =G19*H19 + I19 -> 0
A20: 12 | J20: =G20*H20 + I20 -> 0
... A26: 18 | J26: =G26*H26 + I26 -> 0
A28: Order Total: | J28: =SUM(J9:J26) -> 0

Sheet PO6
A1: Project:
A2: Team #:
A3: PO #: | B3: 6
A4: Date: | B4: MM/DD/YYYY
A6: CAPSTONE PURCHASE REQUEST DETAILS
A8: No. | B8: Part Name | C8: Part Description | D8: Vendor | E8: Vendor Part Number | F8: Vendor Part URL | G8: Quantity | H8: Unit Price | I8: Shipping | J8: Total
A9: 1 | J9: =G9*H9 + I9 -> 0
A10: 2 | J10: =G10*H10 + I10 -> 0
A11: 3 | J11: =G11*H11 + I11 -> 0
A12: 4 | J12: =G12*H12 + I12 -> 0
A13: 5 | J13: =G13*H13 + I13 -> 0
A14: 6 | J14: =G14*H14 + I14 -> 0
A15: 7 | J15: =G15*H15 + I15 -> 0
A16: 8 | J16: =G16*H16 + I16 -> 0
A17: 9 | J17: =G17*H17 + I17 -> 0
A18: 10 | J18: =G18*H18 + I18 -> 0
A19: 11 | J19: =G19*H19 + I19 -> 0
A20: 12 | J20: =G20*H20 + I20 -> 0
... A26: 18 | J26: =G26*H26 + I26 -> 0
A28: Order Total: | J28: =SUM(J9:J26) -> 0

Sheet PO7
A1: Project:
A2: Team #:
A3: PO #: | B3: 7
A4: Date: | B4: MM/DD/YYYY
A6: CAPSTONE PURCHASE REQUEST DETAILS
A8: No. | B8: Part Name | C8: Part Description | D8: Vendor | E8: Vendor Part Number | F8: Vendor Part URL | G8: Quantity | H8: Unit Price | I8: Shipping | J8: Total
A9: 1 | J9: =G9*H9 + I9 -> 0
A10: 2 | J10: =G10*H10 + I10 -> 0
A11: 3 | J11: =G11*H11 + I11 -> 0
A12: 4 | J12: =G12*H12 + I12 -> 0
A13: 5 | J13: =G13*H13 + I13 -> 0
A14: 6 | J14: =G14*H14 + I14 -> 0
A15: 7 | J15: =G15*H15 + I15 -> 0
A16: 8 | J16: =G16*H16 + I16 -> 0
A17: 9 | J17: =G17*H17 + I17 -> 0
A18: 10 | J18: =G18*H18 + I18 -> 0
A19: 11 | J19: =G19*H19 + I19 -> 0
A20: 12 | J20: =G20*H20 + I20 -> 0
... A26: 18 | J26: =G26*H26 + I26 -> 0
A28: Order Total: | J28: =SUM(J9:J26) -> 0

Sheet Vendor List
A1: VENDOR
A3: AMAZON
A4: DIGIKEY
A5: GRANGER
A6: HOMEDEPOT/LOWES
A7: MCMASTER-CARR
A8: MOUSER
A9: NEWARK
A10: PCB
A11: EXCEPTIONS
